{
    "schema": "1.0",
    "type": "whmcs-gateways",
    "name": "PhonePe",
    "license": "proprietary",
    "category": "payments",
    "description": {
      "name": "PhonePe WHMCS Module",
      "tagline": "PhonePe is a leading digital payment platform in India.",
      "long": "PhonePe is the fast, easy, secure way to accept credit cards and PhonePe online. Millions of users know and trust the PhonePe payment solution online.",
      "features": [
        "PhonePe Payment Gateway With WHMCS",
        "iFrame and Redirect Payment Modes",
        "Payment updation with status API's",
        "Theme based Order Verification Page"
      ]
    },
    "logo": {
      "filename": "PhonePe.png"
    },
    "support": {
      "homepage": "https://www.phonepe.com/",
      "docs_url": "https://www.phonepe.com/docs"
    },
    "authors": [
      {
        "name": "Hosting Provider",
        "homepage": "https://www.hostingprovider.co.in/"
      }
    ]
  }